-- phpMyAdmin SQL Dump
-- version 4.8.5
-- https://www.phpmyadmin.net/
--
-- Host: 127.0.0.1
-- Generation Time: Apr 20, 2019 at 04:39 AM
-- Server version: 10.1.38-MariaDB
-- PHP Version: 7.3.3

SET SQL_MODE = "NO_AUTO_VALUE_ON_ZERO";
SET AUTOCOMMIT = 0;
START TRANSACTION;
SET time_zone = "+00:00";


/*!40101 SET @OLD_CHARACTER_SET_CLIENT=@@CHARACTER_SET_CLIENT */;
/*!40101 SET @OLD_CHARACTER_SET_RESULTS=@@CHARACTER_SET_RESULTS */;
/*!40101 SET @OLD_COLLATION_CONNECTION=@@COLLATION_CONNECTION */;
/*!40101 SET NAMES utf8mb4 */;

--
-- Database: `timtro`
--

-- --------------------------------------------------------

--
-- Table structure for table `admin`
--

CREATE TABLE `admin` (
  `id` int(2) NOT NULL,
  `username` varchar(16) NOT NULL,
  `password` varchar(128) NOT NULL,
  `name` varchar(64) NOT NULL
) ENGINE=InnoDB DEFAULT CHARSET=utf8;

--
-- Dumping data for table `admin`
--

INSERT INTO `admin` (`id`, `username`, `password`, `name`) VALUES
(1, 'giangbv', '123', 'Bùi Văn Giang');

-- --------------------------------------------------------

--
-- Table structure for table `phongtro`
--

CREATE TABLE `phongtro` (
  `id` int(11) NOT NULL,
  `diachi` varchar(256) NOT NULL,
  `gia` int(11) NOT NULL,
  `dientich` float NOT NULL,
  `id_user` int(11) NOT NULL,
  `id_quanhuyen` int(11) NOT NULL,
  `id_xaphuong` int(11) NOT NULL
) ENGINE=InnoDB DEFAULT CHARSET=utf8;

--
-- Dumping data for table `phongtro`
--

INSERT INTO `phongtro` (`id`, `diachi`, `gia`, `dientich`, `id_user`, `id_quanhuyen`, `id_xaphuong`) VALUES
(1, 'số 25/169 đường Trần Nhật Duật', 1350, 25.5, 1, 2, 4),
(2, 'số 5A/190 đường Trường Chinh', 1750, 29, 2, 2, 4),
(3, 'số 15A A3 khu tập thể Trung Tự', 2300, 43, 1, 2, 4),
(4, 'Số 229 Đông Khê', 3150, 32, 1, 2, 4),
(5, 'số nhà 67 khu dân cư An Trang', 1950, 40, 1, 2, 4),
(6, 'số 274 Lê Lợi Ngô Quyền Hải Phòng', 1350, 25.5, 1, 2, 4),
(7, 'số 274 Lê Lợi Ngô Quyền Hải Phòng', 1350, 25.5, 1, 2, 4),
(8, 'số 274 Lê Lợi Ngô Quyền Hải Phòng', 1350, 25.5, 1, 2, 4),
(9, 'số 274 Lê Lợi Ngô Quyền Hải Phòng', 1350, 25.5, 1, 2, 4),
(10, 'số 274 Lê Lợi Ngô Quyền Hải Phòng', 1350, 25.5, 1, 2, 4),
(11, 'số 274 Lê Lợi Ngô Quyền Hải Phòng', 1350, 25.5, 1, 2, 4),
(12, 'số 274 Lê Lợi Ngô Quyền Hải Phòng', 1350, 25.5, 1, 2, 4);

-- --------------------------------------------------------

--
-- Table structure for table `quanhuyen`
--

CREATE TABLE `quanhuyen` (
  `id` int(2) NOT NULL,
  `name` varchar(32) NOT NULL
) ENGINE=InnoDB DEFAULT CHARSET=utf8;

--
-- Dumping data for table `quanhuyen`
--

INSERT INTO `quanhuyen` (`id`, `name`) VALUES
(1, 'Quận Ba Đình'),
(2, 'Quận Bắc Từ Liêm'),
(3, 'Quận Cầu Giấy'),
(4, 'Quận Đống Đa'),
(5, 'Quận Hà Đông'),
(6, 'Quận Hai Bà Trưng'),
(7, 'Quận Hoàn Kiếm'),
(8, 'Quận Hoàng Mai'),
(9, 'Quận Long Biên'),
(10, 'Quận Nam Từ Liêm'),
(11, 'Quận Tây Hồ'),
(12, 'Quận Thanh Xuân'),
(13, 'Huyện Ba Vì'),
(14, 'Huyện Chương Mỹ'),
(15, 'Huyện Đan Phượng'),
(16, 'Huyện Đông Anh'),
(17, 'Huyện Gia Lâm'),
(18, 'Huyện Hoài Đức'),
(19, 'Huyện Mê Linh'),
(20, 'Huyện Mỹ Đức'),
(21, 'Huyện Phú Xuyên'),
(22, 'Huyện Phúc Thọ'),
(23, 'Huyện Quốc Oai'),
(24, 'Huyện Sóc Sơn'),
(25, 'Huyện Thạch Thất'),
(26, 'Huyện Thanh Oai'),
(27, 'Huyện Thanh Trì'),
(28, 'Huyện Thường Tín'),
(29, 'Huyện Ứng Hòa'),
(30, 'Thị xã Sơn Tây');

-- --------------------------------------------------------

--
-- Table structure for table `user`
--

CREATE TABLE `user` (
  `id` int(11) NOT NULL,
  `username` varchar(16) NOT NULL,
  `password` varchar(128) NOT NULL,
  `ten` varchar(64) NOT NULL,
  `sdt` varchar(32) NOT NULL,
  `ngaydk` datetime NOT NULL,
  `email` varchar(64) NOT NULL,
  `diachi` varchar(1000) NOT NULL,
  `gioitinh` int(1) NOT NULL,
  `ngaysinh` date NOT NULL,
  `cauhoi` text NOT NULL,
  `cautraloi` text NOT NULL
) ENGINE=InnoDB DEFAULT CHARSET=utf8;

--
-- Dumping data for table `user`
--

INSERT INTO `user` (`id`, `username`, `password`, `ten`, `sdt`, `ngaydk`, `email`, `diachi`, `gioitinh`, `ngaysinh`, `cauhoi`, `cautraloi`) VALUES
(1, 'giangbv126@gmail', 'b38ec3ea8bb6b7e13d97bb5937d2b640', 'Bu123123', '12312312', '0000-00-00 00:00:00', 'giangbv126@gmail.com', '123123123', 0, '0000-00-00', '', ''),
(2, 'giangbv@gmail.co', 'f5bb0c8de146c67b44babbf4e6584cc0', 'Bùi Văn Giang', '0349660905', '0000-00-00 00:00:00', 'giangbv@gmail.com', '123 Lê lợi', 0, '0000-00-00', '', ''),
(3, 'maint@gmail.com', 'f5bb0c8de146c67b44babbf4e6584cc0', 'Nguyễn Thị Mai', '0349660905', '0000-00-00 00:00:00', 'maint@gmail.com', '123123', 0, '0000-00-00', '', '');

-- --------------------------------------------------------

--
-- Table structure for table `xaphuong`
--

CREATE TABLE `xaphuong` (
  `id` int(4) NOT NULL,
  `name` varchar(64) NOT NULL,
  `id_quanhuyen` int(3) NOT NULL
) ENGINE=InnoDB DEFAULT CHARSET=utf8;

--
-- Dumping data for table `xaphuong`
--

INSERT INTO `xaphuong` (`id`, `name`, `id_quanhuyen`) VALUES
(1, 'Phường Phúc Xá', 1),
(2, 'Phường Trúc Bạch', 1),
(3, 'Phường Vĩnh Phúc', 1),
(4, 'Phường Cống Vị', 1),
(5, 'Phường Liễu Giai', 1),
(6, 'Phường Nguyễn Trung Trực', 1),
(7, 'Phường Quán Thánh', 1),
(8, 'Phường Ngọc Hà', 1),
(9, 'Phường Điện Biên', 1),
(10, 'Phường Đội Cấn', 1),
(11, 'Phường Ngọc Khánh', 1),
(12, 'Phường Kim Mã', 1),
(13, 'Phường Giảng Võ', 1),
(14, 'Phường Thành Công', 1),
(15, 'Phường Thượng Cát', 2),
(16, 'Phường Liên Mạc', 2),
(17, 'Phường Đông Ngạc', 2),
(18, 'Phường Đức Thắng', 2),
(19, 'Phường Thụy Phương', 2),
(20, 'Phường Tây Tựu', 2),
(21, 'Phường Xuân Đỉnh', 2),
(22, 'Phường Xuân Tảo', 2),
(23, 'Phường Minh Khai', 2),
(24, 'Phường Cổ Nhuế 1', 2),
(25, 'Phường Cổ Nhuế 2', 2),
(26, 'Phường Phú Diễn', 2),
(27, 'Phường Phúc Diễn', 2),
(28, 'Phường Nghĩa Đô', 3),
(29, 'Phường Nghĩa Tân', 3),
(30, 'Phường Mai Dịch', 3),
(31, 'Phường Dịch Vọng', 3),
(32, 'Phường Dịch Vọng Hậu', 3),
(33, 'Phường Quan Hoa', 3),
(34, 'Phường Yên Hoà', 3),
(35, 'Phường Trung Hoà', 3),
(36, 'Phường Cát Linh', 4),
(37, 'Phường Văn Miếu', 4),
(38, 'Phường Quốc Tử Giám', 4),
(39, 'Phường Láng Thượng', 4),
(40, 'Phường Ô Chợ Dừa', 4),
(41, 'Phường Văn Chương', 4),
(42, 'Phường Hàng Bột', 4),
(43, 'Phường Láng Hạ', 4),
(44, 'Phường Khâm Thiên', 4),
(45, 'Phường Thổ Quan', 4),
(46, 'Phường Nam Đồng', 4),
(47, 'Phường Trung Phụng', 4),
(48, 'Phường Quang Trung', 4),
(49, 'Phường Trung Liệt', 4),
(50, 'Phường Phương Liên', 4),
(51, 'Phường Thịnh Quang', 4),
(52, 'Phường Trung Tự', 4),
(53, 'Phường Kim Liên', 4),
(54, 'Phường Phương Mai', 4),
(55, 'Phường Ngã Tư Sở', 4),
(56, 'Phường Khương Thượng', 4),
(57, 'Phường Nguyễn Trãi', 5),
(58, 'Phường Mộ Lao', 5),
(59, 'Phường Văn Quán', 5),
(60, 'Phường Vạn Phúc', 5),
(61, 'Phường Yết Kiêu', 5),
(62, 'Phường Quang Trung', 5),
(63, 'Phường La Khê', 5),
(64, 'Phường Phú La', 5),
(65, 'Phường Phúc La', 5),
(66, 'Phường Hà Cầu', 5),
(67, 'Phường Yên Nghĩa', 5),
(68, 'Phường Kiến Hưng', 5),
(69, 'Phường Phú Lãm', 5),
(70, 'Phường Phú Lương', 5),
(71, 'Phường Dương Nội', 5),
(72, 'Phường Đồng Mai', 5),
(73, 'Phường Biên Giang', 5),
(74, 'Phường Nguyễn Du', 6),
(75, 'Phường Bạch Đằng', 6),
(76, 'Phường Phạm Đình Hổ', 6),
(77, 'Phường Bùi Thị Xuân', 6),
(78, 'Phường Ngô Thì Nhậm', 6),
(79, 'Phường Lê Đại Hành', 6),
(80, 'Phường Đồng Nhân', 6),
(81, 'Phường Phố Huế', 6),
(82, 'Phường Đống Mác', 6),
(83, 'Phường Thanh Lương', 6),
(84, 'Phường Thanh Nhàn', 6),
(85, 'Phường Cầu Dền', 6),
(86, 'Phường Bách Khoa', 6),
(87, 'Phường Đồng Tâm', 6),
(88, 'Phường Vĩnh Tuy', 6),
(89, 'Phường Bạch Mai', 6),
(90, 'Phường Quỳnh Mai', 6),
(91, 'Phường Quỳnh Lôi', 6),
(92, 'Phường Minh Khai', 6),
(93, 'Phường Trương Định', 6),
(94, 'Phường Phúc Tân', 7),
(95, 'Phường Đồng Xuân', 7),
(96, 'Phường Hàng Mã', 7),
(97, 'Phường Hàng Buồm', 7),
(98, 'Phường Hàng Đào', 7),
(99, 'Phường Hàng Bồ', 7),
(100, 'Phường Cửa Đông', 7),
(101, 'Phường Lý Thái Tổ', 7),
(102, 'Phường Hàng Bạc', 7),
(103, 'Phường Hàng Gai', 7),
(104, 'Phường Chương Dương Độ', 7),
(105, 'Phường Hàng Trống', 7),
(106, 'Phường Cửa Nam', 7),
(107, 'Phường Hàng Bông', 7),
(108, 'Phường Tràng Tiền', 7),
(109, 'Phường Trần Hưng Đạo', 7),
(110, 'Phường Phan Chu Trinh', 7),
(111, 'Phường Hàng Bài', 7),
(112, 'Phường Thanh Trì', 8),
(113, 'Phường Vĩnh Hưng', 8),
(114, 'Phường Định Công', 8),
(115, 'Phường Mai Động', 8),
(116, 'Phường Tương Mai', 8),
(117, 'Phường Đại Kim', 8),
(118, 'Phường Tân Mai', 8),
(119, 'Phường Hoàng Văn Thụ', 8),
(120, 'Phường Giáp Bát', 8),
(121, 'Phường Lĩnh Nam', 8),
(122, 'Phường Thịnh Liệt', 8),
(123, 'Phường Trần Phú', 8),
(124, 'Phường Hoàng Liệt', 8),
(125, 'Phường Yên Sở', 8),
(126, 'Phường Thượng Thanh', 9),
(127, 'Phường Ngọc Thụy', 9),
(128, 'Phường Giang Biên', 9),
(129, 'Phường Đức Giang', 9),
(130, 'Phường Việt Hưng', 9),
(131, 'Phường Gia Thụy', 9),
(132, 'Phường Ngọc Lâm', 9),
(133, 'Phường Phúc Lợi', 9),
(134, 'Phường Bồ Đề', 9),
(135, 'Phường Sài Đồng', 9),
(136, 'Phường Long Biên', 9),
(137, 'Phường Thạch Bàn', 9),
(138, 'Phường Phúc Đồng', 9),
(139, 'Phường Cự Khối', 9),
(140, 'Phường Cầu Diễn', 10),
(141, 'Phường Xuân Phương', 10),
(142, 'Phường Phương Canh', 10),
(143, 'Phường Mỹ Đình 1', 10),
(144, 'Phường Mỹ Đình 2', 10),
(145, 'Phường Tây Mỗ', 10),
(146, 'Phường Mễ Trì', 10),
(147, 'Phường Phú Đô', 10),
(148, 'Phường Đại Mỗ', 10),
(149, 'Phường Trung Văn', 10),
(150, 'Phường Phú Thượng', 11),
(151, 'Phường Nhật Tân', 11),
(152, 'Phường Tứ Liên', 11),
(153, 'Phường Quảng An', 11),
(154, 'Phường Xuân La', 11),
(155, 'Phường Yên Phụ', 11),
(156, 'Phường Bưởi', 11),
(157, 'Phường Thụy Khuê', 11),
(158, 'Phường Nhân Chính', 12),
(159, 'Phường Thượng Đình', 12),
(160, 'Phường Khương Trung', 12),
(161, 'Phường Khương Mai', 12),
(162, 'Phường Thanh Xuân Trung', 12),
(163, 'Phường Phương Liệt', 12),
(164, 'Phường Hạ Đình', 12),
(165, 'Phường Khương Đình', 12),
(166, 'Phường Thanh Xuân Bắc', 12),
(167, 'Phường Thanh Xuân Nam', 12),
(168, 'Phường Kim Giang', 12),
(169, 'Thị trấn Tây Đằng', 13),
(170, 'Xã Tân Đức', 13),
(171, 'Xã Phú Cường', 13),
(172, 'Xã Cổ Đô', 13),
(173, 'Xã Tản Hồng', 13),
(174, 'Xã Vạn Thắng', 13),
(175, 'Xã Châu Sơn', 13),
(176, 'Xã Phong Vân', 13),
(177, 'Xã Phú Đông', 13),
(178, 'Xã Phú Phương', 13),
(179, 'Xã Phú Châu', 13),
(180, 'Xã Thái Hòa', 13),
(181, 'Xã Đồng Thái', 13),
(182, 'Xã Phú Sơn', 13),
(183, 'Xã Minh Châu', 13),
(184, 'Xã Vật Lại', 13),
(185, 'Xã Chu Minh', 13),
(186, 'Xã Tòng Bạt', 13),
(187, 'Xã Cẩm Lĩnh', 13),
(188, 'Xã Sơn Đà', 13),
(189, 'Xã Đông Quang', 13),
(190, 'Xã Tiên Phong', 13),
(191, 'Xã Thụy An', 13),
(192, 'Xã Cam Thượng', 13),
(193, 'Xã Thuần Mỹ', 13),
(194, 'Xã Tản Lĩnh', 13),
(195, 'Xã Ba Trại', 13),
(196, 'Xã Minh Quang', 13),
(197, 'Xã Ba Vì', 13),
(198, 'Xã Vân Hòa', 13),
(199, 'Xã Yên Bài', 13),
(200, 'Xã Khánh Thượng', 13),
(201, 'Thị trấn Chúc Sơn', 14),
(202, 'Thị trấn Xuân Mai', 14),
(203, 'Xã Phụng Châu', 14),
(204, 'Xã Tiên Phương', 14),
(205, 'Xã Đông Sơn', 14),
(206, 'Xã Đông Phương Yên', 14),
(207, 'Xã Phú Nghĩa', 14),
(208, 'Xã Trường Yên', 14),
(209, 'Xã Ngọc Hòa', 14),
(210, 'Xã Thủy Xuân Tiên', 14),
(211, 'Xã Thanh Bình', 14),
(212, 'Xã Trung Hòa', 14),
(213, 'Xã Đại Yên', 14),
(214, 'Xã Thụy Hương', 14),
(215, 'Xã Tốt Động', 14),
(216, 'Xã Lam Điền', 14),
(217, 'Xã Tân Tiến', 14),
(218, 'Xã Nam Phương Tiến', 14),
(219, 'Xã Hợp Đồng', 14),
(220, 'Xã Hoàng Văn Thụ', 14),
(221, 'Xã Hoàng Diệu', 14),
(222, 'Xã Hữu Văn', 14),
(223, 'Xã Quảng Bị', 14),
(224, 'Xã Mỹ Lương', 14),
(225, 'Xã Thượng Vực', 14),
(226, 'Xã Hồng Phong', 14),
(227, 'Xã Đồng Phú', 14),
(228, 'Xã Trần Phú', 14),
(229, 'Xã Văn Võ', 14),
(230, 'Xã Đồng Lạc', 14),
(231, 'Xã Hòa Chính', 14),
(232, 'Xã Phú Nam An', 14),
(233, 'Thị trấn Phùng', 15),
(234, 'Xã Trung Châu', 15),
(235, 'Xã Thọ An', 15),
(236, 'Xã Thọ Xuân', 15),
(237, 'Xã Hồng Hà', 15),
(238, 'Xã Liên Hồng', 15),
(239, 'Xã Liên Hà', 15),
(240, 'Xã Hạ Mỗ', 15),
(241, 'Xã Liên Trung', 15),
(242, 'Xã Phương Đình', 15),
(243, 'Xã Thượng Mỗ', 15),
(244, 'Xã Tân Hội', 15),
(245, 'Xã Tân Lập', 15),
(246, 'Xã Đan Phượng', 15),
(247, 'Xã Đồng Tháp', 15),
(248, 'Xã Song Phượng', 15),
(249, 'Thị trấn Đông Anh', 16),
(250, 'Xã Xuân Nộn', 16),
(251, 'Xã Thuỵ Lâm', 16),
(252, 'Xã Bắc Hồng', 16),
(253, 'Xã Nguyên Khê', 16),
(254, 'Xã Nam Hồng', 16),
(255, 'Xã Tiên Dương', 16),
(256, 'Xã Vân Hà', 16),
(257, 'Xã Uy Nỗ', 16),
(258, 'Xã Vân Nội', 16),
(259, 'Xã Liên Hà', 16),
(260, 'Xã Việt Hùng', 16),
(261, 'Xã Kim Nỗ', 16),
(262, 'Xã Kim Chung', 16),
(263, 'Xã Dục Tú', 16),
(264, 'Xã Đại Mạch', 16),
(265, 'Xã Vĩnh Ngọc', 16),
(266, 'Xã Cổ Loa', 16),
(267, 'Xã Hải Bối', 16),
(268, 'Xã Xuân Canh', 16),
(269, 'Xã Võng La', 16),
(270, 'Xã Tầm Xá', 16),
(271, 'Xã Mai Lâm', 16),
(272, 'Xã Đông Hội', 16),
(273, 'Thị trấn Yên Viên', 17),
(274, 'Xã Yên Thường', 17),
(275, 'Xã Yên Viên', 17),
(276, 'Xã Ninh Hiệp', 17),
(277, 'Xã Đình Xuyên', 17),
(278, 'Xã Dương Hà', 17),
(279, 'Xã Phù Đổng', 17),
(280, 'Xã Trung Mầu', 17),
(281, 'Xã Lệ Chi', 17),
(282, 'Xã Cổ Bi', 17),
(283, 'Xã Đặng Xá', 17),
(284, 'Xã Phú Thị', 17),
(285, 'Xã Kim Sơn', 17),
(286, 'Thị trấn Trâu Quỳ', 17),
(287, 'Xã Dương Quang', 17),
(288, 'Xã Dương Xá', 17),
(289, 'Xã Đông Dư', 17),
(290, 'Xã Đa Tốn', 17),
(291, 'Xã Kiêu Kỵ', 17),
(292, 'Xã Bát Tràng', 17),
(293, 'Xã Kim Lan', 17),
(294, 'Xã Văn Đức', 17),
(295, 'Thị trấn Trạm Trôi', 18),
(296, 'Xã Đức Thượng', 18),
(297, 'Xã Minh Khai', 18),
(298, 'Xã Dương Liễu', 18),
(299, 'Xã Di Trạch', 18),
(300, 'Xã Đức Giang', 18),
(301, 'Xã Cát Quế', 18),
(302, 'Xã Kim Chung', 18),
(303, 'Xã Yên Sở', 18),
(304, 'Xã Sơn Đồng', 18),
(305, 'Xã Vân Canh', 18),
(306, 'Xã Đắc Sở', 18),
(307, 'Xã Lại Yên', 18),
(308, 'Xã Tiền Yên', 18),
(309, 'Xã Song Phương', 18),
(310, 'Xã An Khánh', 18),
(311, 'Xã An Thượng', 18),
(312, 'Xã Vân Côn', 18),
(313, 'Xã La Phù', 18),
(314, 'Xã Đông La', 18),
(315, 'Thị trấn Chi Đông', 19),
(316, 'Xã Đại Thịnh', 19),
(317, 'Xã Kim Hoa', 19),
(318, 'Xã Thạch Đà', 19),
(319, 'Xã Tiến Thắng', 19),
(320, 'Xã Tự Lập', 19),
(321, 'Thị trấn Quang Minh', 19),
(322, 'Xã Thanh Lâm', 19),
(323, 'Xã Tam Đồng', 19),
(324, 'Xã Liên Mạc', 19),
(325, 'Xã Vạn Yên', 19),
(326, 'Xã Chu Phan', 19),
(327, 'Xã Tiến Thịnh', 19),
(328, 'Xã Mê Linh', 19),
(329, 'Xã Văn Khê', 19),
(330, 'Xã Hoàng Kim', 19),
(331, 'Xã Tiền Phong', 19),
(332, 'Xã Tráng Việt', 19),
(333, 'Thị trấn Đại Nghĩa', 20),
(334, 'Xã Đồng Tâm', 20),
(335, 'Xã Thượng Lâm', 20),
(336, 'Xã Tuy Lai', 20),
(337, 'Xã Phúc Lâm', 20),
(338, 'Xã Mỹ Thành', 20),
(339, 'Xã Bột Xuyên', 20),
(340, 'Xã An Mỹ', 20),
(341, 'Xã Hồng Sơn', 20),
(342, 'Xã Lê Thanh', 20),
(343, 'Xã Xuy Xá', 20),
(344, 'Xã Phùng Xá', 20),
(345, 'Xã Phù Lưu Tế', 20),
(346, 'Xã Đại Hưng', 20),
(347, 'Xã Vạn Kim', 20),
(348, 'Xã Đốc Tín', 20),
(349, 'Xã Hương Sơn', 20),
(350, 'Xã Hùng Tiến', 20),
(351, 'Xã An Tiến', 20),
(352, 'Xã Hợp Tiến', 20),
(353, 'Xã Hợp Thanh', 20),
(354, 'Xã An Phú', 20),
(355, 'Thị trấn Phú Minh', 21),
(356, 'Thị trấn Phú Xuyên', 21),
(357, 'Xã Hồng Minh', 21),
(358, 'Xã Phượng Dực', 21),
(359, 'Xã Văn Nhân', 21),
(360, 'Xã Thụy Phú', 21),
(361, 'Xã Tri Trung', 21),
(362, 'Xã Đại Thắng', 21),
(363, 'Xã Phú Túc', 21),
(364, 'Xã Văn Hoàng', 21),
(365, 'Xã Hồng Thái', 21),
(366, 'Xã Hoàng Long', 21),
(367, 'Xã Quang Trung', 21),
(368, 'Xã Nam Phong', 21),
(369, 'Xã Nam Triều', 21),
(370, 'Xã Tân Dân', 21),
(371, 'Xã Sơn Hà', 21),
(372, 'Xã Chuyên Mỹ', 21),
(373, 'Xã Khai Thái', 21),
(374, 'Xã Phúc Tiến', 21),
(375, 'Xã Vân Từ', 21),
(376, 'Xã Tri Thủy', 21),
(377, 'Xã Đại Xuyên', 21),
(378, 'Xã Phú Yên', 21),
(379, 'Xã Bạch Hạ', 21),
(380, 'Xã Quang Lãng', 21),
(381, 'Xã Châu Can', 21),
(382, 'Xã Minh Tân', 21),
(383, 'Thị trấn Phúc Thọ', 22),
(384, 'Xã Vân Hà', 22),
(385, 'Xã Vân Phúc', 22),
(386, 'Xã Vân Nam', 22),
(387, 'Xã Xuân Phú', 22),
(388, 'Xã Phương Độ', 22),
(389, 'Xã Sen Chiểu', 22),
(390, 'Xã Cẩm Đình', 22),
(391, 'Xã Võng Xuyên', 22),
(392, 'Xã Thọ Lộc', 22),
(393, 'Xã Long Xuyên', 22),
(394, 'Xã Thượng Cốc', 22),
(395, 'Xã Hát Môn', 22),
(396, 'Xã Tích Giang', 22),
(397, 'Xã Thanh Đa', 22),
(398, 'Xã Trạch Mỹ Lộc', 22),
(399, 'Xã Phúc Hòa', 22),
(400, 'Xã Ngọc Tảo', 22),
(401, 'Xã Phụng Thượng', 22),
(402, 'Xã Tam Thuấn', 22),
(403, 'Xã Tam Hiệp', 22),
(404, 'Xã Hiệp Thuận', 22),
(405, 'Xã Liên Hiệp', 22),
(406, 'Thị trấn Quốc Oai', 23),
(407, 'Xã Sài Sơn', 23),
(408, 'Xã Phượng Cách', 23),
(409, 'Xã Yên Sơn', 23),
(410, 'Xã Ngọc Liệp', 23),
(411, 'Xã Ngọc Mỹ', 23),
(412, 'Xã Liệp Tuyết', 23),
(413, 'Xã Thạch Thán', 23),
(414, 'Xã Đồng Quang', 23),
(415, 'Xã Phú Cát', 23),
(416, 'Xã Tuyết Nghĩa', 23),
(417, 'Xã Nghĩa Hương', 23),
(418, 'Xã Cộng Hòa', 23),
(419, 'Xã Tân Phú', 23),
(420, 'Xã Đại Thành', 23),
(421, 'Xã Phú Mãn', 23),
(422, 'Xã Cấn Hữu', 23),
(423, 'Xã Tân Hòa', 23),
(424, 'Xã Hòa Thạch', 23),
(425, 'Xã Đông Yên', 23),
(426, 'Thị trấn Sóc Sơn', 24),
(427, 'Xã Bắc Sơn', 24),
(428, 'Xã Minh Trí', 24),
(429, 'Xã Hồng Kỳ', 24),
(430, 'Xã Nam Sơn', 24),
(431, 'Xã Trung Giã', 24),
(432, 'Xã Tân Hưng', 24),
(433, 'Xã Minh Phú', 24),
(434, 'Xã Phù Linh', 24),
(435, 'Xã Bắc Phú', 24),
(436, 'Xã Tân Minh', 24),
(437, 'Xã Quang Tiến', 24),
(438, 'Xã Hiền Ninh', 24),
(439, 'Xã Tân Dân', 24),
(440, 'Xã Tiên Dược', 24),
(441, 'Xã Việt Long', 24),
(442, 'Xã Xuân Giang', 24),
(443, 'Xã Mai Đình', 24),
(444, 'Xã Đức Hoà', 24),
(445, 'Xã Thanh Xuân', 24),
(446, 'Xã Đông Xuân', 24),
(447, 'Xã Kim Lũ', 24),
(448, 'Xã Phú Cường', 24),
(449, 'Xã Phú Minh', 24),
(450, 'Xã Phù Lỗ', 24),
(451, 'Xã Xuân Thu', 24),
(452, 'Thị trấn Liên Quan', 25),
(453, 'Xã Đại Đồng', 25),
(454, 'Xã Cẩm Yên', 25),
(455, 'Xã Lại Thượng', 25),
(456, 'Xã Phú Kim', 25),
(457, 'Xã Hương Ngải', 25),
(458, 'Xã Canh Nậu', 25),
(459, 'Xã Kim Quan', 25),
(460, 'Xã Dị Nậu', 25),
(461, 'Xã Bình Yên', 25),
(462, 'Xã Chàng Sơn', 25),
(463, 'Xã Thạch Hoà', 25),
(464, 'Xã Cần Kiệm', 25),
(465, 'Xã Hữu Bằng', 25),
(466, 'Xã Phùng Xá', 25),
(467, 'Xã Tân Xã', 25),
(468, 'Xã Thạch Xá', 25),
(469, 'Xã Bình Phú', 25),
(470, 'Xã Hạ Bằng', 25),
(471, 'Xã Đồng Trúc', 25),
(472, 'Thị trấn Kim Bài', 26),
(473, 'Xã Cự Khê', 26),
(474, 'Xã Bích Hòa', 26),
(475, 'Xã Mỹ Hưng', 26),
(476, 'Xã Cao Viên', 26),
(477, 'Xã Bình Minh', 26),
(478, 'Xã Tam Hưng', 26),
(479, 'Xã Thanh Cao', 26),
(480, 'Xã Thanh Thùy', 26),
(481, 'Xã Thanh Mai', 26),
(482, 'Xã Thanh Văn', 26),
(483, 'Xã Đỗ Động', 26),
(484, 'Xã Kim An', 26),
(485, 'Xã Kim Thư', 26),
(486, 'Xã Phương Trung', 26),
(487, 'Xã Tân Ước', 26),
(488, 'Xã Dân Hòa', 26),
(489, 'Xã Liên Châu', 26),
(490, 'Xã Cao Dương', 26),
(491, 'Xã Xuân Dương', 26),
(492, 'Xã Hồng Dương', 26),
(493, 'Thị trấn Văn Điển', 27),
(494, 'Xã Tân Triều', 27),
(495, 'Xã Thanh Liệt', 27),
(496, 'Xã Tả Thanh Oai', 27),
(497, 'Xã Hữu Hoà', 27),
(498, 'Xã Tam Hiệp', 27),
(499, 'Xã Tứ Hiệp', 27),
(500, 'Xã Yên Mỹ', 27),
(501, 'Xã Vĩnh Quỳnh', 27),
(502, 'Xã Ngũ Hiệp', 27),
(503, 'Xã Duyên Hà', 27),
(504, 'Xã Ngọc Hồi', 27),
(505, 'Xã Vạn Phúc', 27),
(506, 'Xã Đại áng', 27),
(507, 'Xã Liên Ninh', 27),
(508, 'Xã Đông Mỹ', 27),
(509, 'Thị trấn Thường Tín', 28),
(510, 'Xã Ninh Sở', 28),
(511, 'Xã Nhị Khê', 28),
(512, 'Xã Duyên Thái', 28),
(513, 'Xã Khánh Hà', 28),
(514, 'Xã Hòa Bình', 28),
(515, 'Xã Văn Bình', 28),
(516, 'Xã Hiền Giang', 28),
(517, 'Xã Hồng Vân', 28),
(518, 'Xã Vân Tảo', 28),
(519, 'Xã Liên Phương', 28),
(520, 'Xã Văn Phú', 28),
(521, 'Xã Tự Nhiên', 28),
(522, 'Xã Tiền Phong', 28),
(523, 'Xã Hà Hồi', 28),
(524, 'Xã Thư Phú', 28),
(525, 'Xã Nguyễn Trãi', 28),
(526, 'Xã Quất Động', 28),
(527, 'Xã Chương Dương', 28),
(528, 'Xã Tân Minh', 28),
(529, 'Xã Lê Lợi', 28),
(530, 'Xã Thắng Lợi', 28),
(531, 'Xã Dũng Tiến', 28),
(532, 'Xã Thống Nhất', 28),
(533, 'Xã Nghiêm Xuyên', 28),
(534, 'Xã Tô Hiệu', 28),
(535, 'Xã Văn Tự', 28),
(536, 'Xã Vạn Điểm', 28),
(537, 'Xã Minh Cường', 28),
(538, 'Thị trấn Vân Đình', 29),
(539, 'Xã Viên An', 29),
(540, 'Xã Viên Nội', 29),
(541, 'Xã Hoa Sơn', 29),
(542, 'Xã Quảng Phú Cầu', 29),
(543, 'Xã Trường Thịnh', 29),
(544, 'Xã Cao Thành', 29),
(545, 'Xã Liên Bạt', 29),
(546, 'Xã Sơn Công', 29),
(547, 'Xã Đồng Tiến', 29),
(548, 'Xã Phương Tú', 29),
(549, 'Xã Trung Tú', 29),
(550, 'Xã Đồng Tân', 29),
(551, 'Xã Tảo Dương Văn', 29),
(552, 'Xã Vạn Thái', 29),
(553, 'Xã Minh Đức', 29),
(554, 'Xã Hòa Lâm', 29),
(555, 'Xã Hòa Xá', 29),
(556, 'Xã Trầm Lộng', 29),
(557, 'Xã Kim Đường', 29),
(558, 'Xã Hòa Nam', 29),
(559, 'Xã Hòa Phú', 29),
(560, 'Xã Đội Bình', 29),
(561, 'Xã Đại Hùng', 29),
(562, 'Xã Đông Lỗ', 29),
(563, 'Xã Phù Lưu', 29),
(564, 'Xã Đại Cường', 29),
(565, 'Xã Lưu Hoàng', 29),
(566, 'Xã Hồng Quang', 29),
(567, 'Phường Lê Lợi', 30),
(568, 'Phường Phú Thịnh', 30),
(569, 'Phường Ngô Quyền', 30),
(570, 'Phường Quang Trung', 30),
(571, 'Phường Sơn Lộc', 30),
(572, 'Phường Xuân Khanh', 30),
(573, 'Xã Đường Lâm', 30),
(574, 'Phường Viên Sơn', 30),
(575, 'Xã Xuân Sơn', 30),
(576, 'Phường Trung Hưng', 30),
(577, 'Xã Thanh Mỹ', 30),
(578, 'Phường Trung Sơn Trầm', 30),
(579, 'Xã Kim Sơn', 30);

--
-- Indexes for dumped tables
--

--
-- Indexes for table `admin`
--
ALTER TABLE `admin`
  ADD PRIMARY KEY (`id`);

--
-- Indexes for table `phongtro`
--
ALTER TABLE `phongtro`
  ADD PRIMARY KEY (`id`);

--
-- Indexes for table `quanhuyen`
--
ALTER TABLE `quanhuyen`
  ADD PRIMARY KEY (`id`);

--
-- Indexes for table `user`
--
ALTER TABLE `user`
  ADD PRIMARY KEY (`id`);

--
-- Indexes for table `xaphuong`
--
ALTER TABLE `xaphuong`
  ADD PRIMARY KEY (`id`);

--
-- AUTO_INCREMENT for dumped tables
--

--
-- AUTO_INCREMENT for table `user`
--
ALTER TABLE `user`
  MODIFY `id` int(11) NOT NULL AUTO_INCREMENT, AUTO_INCREMENT=4;
COMMIT;

/*!40101 SET CHARACTER_SET_CLIENT=@OLD_CHARACTER_SET_CLIENT */;
/*!40101 SET CHARACTER_SET_RESULTS=@OLD_CHARACTER_SET_RESULTS */;
/*!40101 SET COLLATION_CONNECTION=@OLD_COLLATION_CONNECTION */;
